epoch,discriminator_loss,generator_loss,avg_g_grad,avg_d_grad
0,0.7997195720672607,1.2750718593597412,1.8617274052366068,2.147448802834075
1,0.8699436187744141,1.4089878797531128,1.7757260089716318,3.3303068899164647
2,1.193382978439331,1.6767905950546265,2.2795078689002306,6.955766841163719
3,1.2068095207214355,1.330999732017517,2.2289465214146027,8.742290558762388
4,0.7454974055290222,1.818381667137146,2.8733497181150462,6.182639462335644
5,1.2415714263916016,2.466116428375244,4.10654315379302,8.799907140732515
6,1.136606216430664,1.3426964282989502,2.617690300590032,7.438375371951951
7,0.9629184007644653,1.6832317113876343,2.905232846574757,9.412333823621767
8,1.1681090593338013,1.7005900144577026,3.4613582123876165,12.108415888528791
9,1.1400034427642822,1.5136109590530396,3.1769350729098877,12.89022392853779
10,1.1719229221343994,1.14169180393219,2.744278330399879,15.047371383656547
11,1.152477741241455,1.2272976636886597,3.220359827120806,13.828849130382844
12,1.1646144390106201,1.3579158782958984,3.174326891881543,15.89597515304734
13,1.094589352607727,1.458953857421875,2.962026986517402,14.87841815847961
14,1.3953542709350586,1.4081149101257324,3.0983811025159023,12.348729902322374
15,1.203927755355835,1.3237812519073486,2.786417533436852,23.129998187184633
16,1.152116298675537,1.304912805557251,3.2354250395574464,20.23068385656684
17,1.177586555480957,1.4679447412490845,2.874801507507639,19.35589487599634
18,1.4660547971725464,1.2731281518936157,2.7625154347837637,19.223736469815865
19,1.1819534301757812,2.04386568069458,5.489940764312684,27.157009995106137
20,1.3149689435958862,1.349133849143982,4.412683215599656,27.48785678323063
21,1.234126091003418,1.1210030317306519,2.6779168300661764,20.7140215848965
22,1.3129254579544067,1.096659541130066,2.1706548806148667,24.048008259289645
23,1.1542887687683105,1.4455833435058594,3.0512151866204915,26.201904918940134
24,1.2949755191802979,1.0878512859344482,2.609002068018992,23.927021695036952
25,1.1080095767974854,1.1737216711044312,2.7310538152963137,25.89748006515416
26,1.2305793762207031,1.1907895803451538,2.5323324097916458,26.12083592765282
27,1.3940106630325317,1.4026511907577515,3.61979412075433,31.13110748715459
28,1.4096752405166626,1.335673451423645,2.8241284017805075,23.15302506271473
29,1.2764229774475098,1.2243045568466187,2.8527115524347715,24.09054610446424
30,1.111830472946167,1.2100814580917358,3.5041551154075075,26.924823701736116
31,1.1265630722045898,1.3651384115219116,3.3356967734358727,28.874363093207847
32,1.205661416053772,1.2135403156280518,2.665998113629986,27.931883919742177
33,1.1645578145980835,1.2326961755752563,2.5089150428731943,23.376336597490223
34,1.1120424270629883,1.678133249282837,3.565495289587671,30.424422795777126
35,1.187988519668579,1.239406704902649,2.548215541703154,21.922834242898702
36,1.0601575374603271,1.1631529331207275,3.2208915887209906,29.339496889082362
37,1.1245476007461548,1.3482226133346558,3.0531925829546016,27.94696832710873
38,1.1064316034317017,1.5875580310821533,3.069081789830152,28.498344574798416
39,1.2839014530181885,1.2132447957992554,2.878372244837517,29.94330712596182
40,1.3125760555267334,1.5105178356170654,3.5545496738628137,26.74921637858601
41,1.0888901948928833,1.78173828125,3.734610752368913,33.06507003817004
42,1.2335401773452759,1.1668986082077026,3.1804853249133713,28.015097578896203
43,1.3493659496307373,1.4971952438354492,3.541602734496749,29.665751067581695
44,1.3177034854888916,1.513385534286499,3.80802369345084,38.363426967843
45,1.2142889499664307,1.2730185985565186,3.364111206917596,33.69482861666132
46,1.3121134042739868,1.4433956146240234,3.795905110331742,35.316310054797924
47,1.101344108581543,1.1191896200180054,2.337090230874301,31.833071501233146
48,1.3811243772506714,1.1830610036849976,3.8617471072360496,33.506907021817405
49,1.1001083850860596,1.4186815023422241,2.7765669029511937,34.322496786948975
50,1.2527443170547485,1.2335903644561768,3.139261228957351,32.87417027059124
51,1.3450711965560913,0.9052858352661133,2.247718750261057,32.89555874884649
52,1.1570028066635132,1.4839200973510742,3.4280258944238056,28.555015030405432
53,1.2212648391723633,1.1368054151535034,2.7668339918940896,34.00571280483186
54,1.2074376344680786,1.3097463846206665,2.5177504293568957,36.55062557737837
55,1.1109791994094849,1.4481121301651,2.889249481014726,36.61137211203279
56,1.2415430545806885,1.2582679986953735,3.297319712236361,32.10036564362264
57,1.1252492666244507,1.0869215726852417,2.200616769113257,30.590303192841713
58,1.2200146913528442,1.3687809705734253,3.3575160541129674,37.61764700938004
59,1.4707465171813965,1.362931251525879,3.730096983517796,36.26055745786188
60,1.1742825508117676,1.468277931213379,3.834581319201925,38.79897182534009
61,1.2631738185882568,1.7241365909576416,3.799497150451934,43.58696430875796
62,1.2813314199447632,1.4049978256225586,3.4735616425292317,36.240715079631066
63,1.3534653186798096,1.1923221349716187,3.3298994592671125,28.822029879355433
64,1.1361029148101807,1.3322362899780273,3.6611825068498223,37.876096471221146
65,1.1947895288467407,1.319686770439148,3.1159025920893235,35.84502673042196
66,1.2870333194732666,1.272959589958191,2.27937595406134,36.40594912766242
67,1.3803778886795044,1.7447891235351562,3.7620730461882603,41.95322266664823
68,1.2138502597808838,1.383171558380127,3.3660242899921653,38.16040300049737
69,1.2710682153701782,1.4801186323165894,4.375764489038715,42.165492221897594
70,1.1733248233795166,1.2005940675735474,2.423738769783579,30.02375506733626
71,1.2936574220657349,1.695862054824829,4.573264839014106,38.33794309331195
72,1.1276347637176514,1.2763553857803345,3.1885035754573416,42.90844850577233
73,1.1328328847885132,1.465268611907959,3.252089047338046,40.67378038039058
74,1.0860872268676758,1.1947466135025024,3.218901890780855,34.42267319713098
75,1.3272950649261475,1.1826499700546265,3.4823176980380075,31.65552291759072
76,1.19136381149292,1.203381896018982,3.798517032237996,34.48078643174471
77,1.298595666885376,1.1167011260986328,3.3259534957852255,36.96997490703854
78,1.0929919481277466,1.559545636177063,3.7198389428860104,39.26676838890312
79,1.192082405090332,1.1525684595108032,3.40046172102595,36.830038236449575
80,1.153906226158142,1.4185312986373901,3.7974296370735603,47.50328424111012
81,1.2895046472549438,1.4996111392974854,3.134365150750443,44.96952825409812
82,1.3265291452407837,1.3932478427886963,3.129181898919941,35.430758895616265
83,1.2192062139511108,1.1637589931488037,3.211850705228292,42.888699742238906
84,1.2796807289123535,1.1663154363632202,2.694208659451824,42.71845363235726
85,1.0782915353775024,1.455466628074646,3.6025152739899444,41.897975142147615
86,1.1214451789855957,1.3029953241348267,3.483643875762477,32.18906590320156
87,1.2834174633026123,1.1934503316879272,2.810371701915798,41.84799933213823
88,1.0822317600250244,1.3421077728271484,3.048608307796477,40.163442930784214
89,1.1288843154907227,1.3790758848190308,3.6922373910015605,38.283258387223306
90,1.2227869033813477,1.2180479764938354,3.238880330084607,39.35625518749428
91,1.2742866277694702,1.3142216205596924,3.015026589343138,35.75251610527413
92,1.2948890924453735,1.0164291858673096,2.37538419203224,37.37311897025377
93,1.0458053350448608,1.289541482925415,3.301877625040342,41.60046105253604
94,1.2348783016204834,1.1609967947006226,2.7926039262919535,43.38922210754309
95,1.0462024211883545,1.5876121520996094,4.234142521893773,43.43038687231678
96,1.1484614610671997,1.3185828924179077,3.7392213696848025,42.370019310023025
97,1.2988401651382446,1.4311054944992065,3.4471895931128302,34.95158784128809
98,1.169719934463501,1.3727489709854126,3.574978556280227,32.20749216899435
99,1.3553950786590576,1.3278696537017822,2.883109019671896,42.266495353021085
100,1.2802321910858154,1.5016618967056274,3.600521399237153,42.17601657427604
101,1.1491682529449463,1.3833510875701904,3.1635854841227893,41.467632032904795
102,1.374414086341858,1.224042296409607,3.7208909465336597,39.129946079772715
103,1.1940274238586426,1.3233776092529297,3.653707592858026,45.4192107250416
104,1.126389980316162,1.2748863697052002,2.780852180314606,37.15474961240934
105,1.1849441528320312,1.2394293546676636,2.5444329820488694,49.71548131963214
106,1.1500581502914429,1.2307604551315308,3.212080532301323,40.17404416135373
107,1.319565773010254,1.1717889308929443,3.1126937734519644,34.14809191759382
108,1.2159030437469482,1.1635316610336304,3.5624920886597673,45.1000386934623
109,1.2527638673782349,1.5509772300720215,4.596751054298972,41.22637667190528
110,1.0996700525283813,1.6028003692626953,4.401464550921583,40.4365686712379
111,1.1688610315322876,1.16068696975708,2.447925640398592,41.41311501248426
112,1.1553654670715332,1.534789800643921,3.6066099085261105,39.19470539983407
113,1.0876200199127197,1.5425711870193481,4.098721968586303,50.227931458722644
114,1.197156548500061,1.3860868215560913,2.8556898847259995,48.849684832249416
115,1.1030852794647217,1.5496629476547241,3.995141259983085,52.50898912728992
116,1.029502034187317,1.249386191368103,3.566034367201529,43.39158728803199
117,1.1422770023345947,1.4828282594680786,4.06063122304315,39.7242518808793
118,1.0726319551467896,1.2906094789505005,3.813803779902411,32.19091825096977
119,1.072399616241455,1.2786178588867188,3.514605930279368,38.097007884336705
120,1.1066789627075195,1.6641746759414673,4.000379062660657,35.87465809302033
121,1.058300256729126,1.2717183828353882,3.329160305015221,37.54340051368601
122,1.2104109525680542,1.1627869606018066,2.593594818338043,46.725158919108985
123,1.066528558731079,1.3634271621704102,3.294281680142181,50.491639180595264
124,1.103113055229187,1.1926132440567017,2.9154905722220557,42.503303782641986
125,1.2750890254974365,1.2692092657089233,3.8070404626004186,41.62526896847558
126,1.1708884239196777,1.5442177057266235,4.234052082774551,36.7596039664098
127,1.0361522436141968,1.2586623430252075,3.2609006232390643,37.80307084806059
128,1.0206665992736816,1.794430136680603,4.5291085748932565,44.05153141043982
129,0.9054439663887024,1.7402362823486328,4.0504923751076305,48.91016479679469
130,1.104257583618164,1.5260623693466187,3.581627074326503,47.80916164861233
131,1.2152562141418457,1.461916208267212,3.7519351447205094,47.133157145322684
132,1.0643761157989502,1.4683789014816284,4.295329945688376,47.13948676891596
133,1.0227800607681274,1.199976921081543,3.2630980666194542,39.59310099103729
134,1.1367206573486328,1.676875114440918,4.884424955806215,43.43950372778975
135,1.0078394412994385,1.5413118600845337,4.913655238617987,41.60742936592154
136,1.1660857200622559,1.4660433530807495,4.794892252794247,46.99040690267412
137,1.0705467462539673,1.4292186498641968,3.601440655378804,54.8509724649667
138,1.1320717334747314,1.3588581085205078,3.6557193432833905,49.643436412288075
139,0.9329483509063721,1.7152814865112305,4.685558646424793,49.12679771174341
140,1.1806551218032837,1.5171128511428833,3.525921297652083,58.48751069406505
141,1.0527641773223877,1.4114073514938354,3.761654374079629,42.75767207713694
142,1.0402005910873413,1.52802312374115,4.0714982431913525,40.478911547788336
143,1.249898076057434,2.354419469833374,6.9627686649505485,52.815710009712326
144,1.1700160503387451,1.299747347831726,3.4981968918261788,47.14890121439976
145,1.0155601501464844,1.3241636753082275,3.7529511751540574,35.63833608848954
146,1.1319706439971924,1.521566390991211,4.2496854214587545,49.72551139230006
147,1.0926506519317627,1.6717623472213745,3.7089383305160672,46.928090579593864
148,1.0628306865692139,1.6694080829620361,4.573041625156006,56.57331372445742
149,0.9820873737335205,1.4168246984481812,3.8412636727254514,39.095807381597155
150,1.0404130220413208,1.3244946002960205,2.855550221449443,38.718049989822106
151,1.106005072593689,1.459000587463379,3.5788059085491777,43.46592217091117
152,1.0188604593276978,1.625878930091858,4.876759628572222,46.76624418770037
153,0.9949820041656494,1.740351915359497,4.583786227015226,53.585286788904526
154,1.047418475151062,1.8826149702072144,5.267080380395826,61.403157092976656
155,1.142570972442627,1.3314428329467773,3.581512177250268,41.05125487514331
156,1.0823742151260376,1.3641611337661743,3.7188933071511787,49.77723352885374
157,1.2757618427276611,1.4982590675354004,3.51784162868658,52.40477459506239
158,1.0699037313461304,1.936147689819336,4.349095284140835,43.68924621029594
159,1.1344537734985352,1.74718177318573,4.614813984681851,48.65547729806172
160,1.3337030410766602,1.401781678199768,5.158947929056448,46.69719539110784
161,1.1105819940567017,1.4118938446044922,3.977032448789191,45.19594664709838
162,1.1168136596679688,1.5327961444854736,4.226430483738047,46.88568909508485
163,1.197400450706482,1.430299162864685,4.107325183291542,49.051078642423924
164,1.3109997510910034,1.39329993724823,3.5628623556189973,53.0279438907329
165,1.0590357780456543,1.3889578580856323,3.3583038141056845,47.579725439700624
166,1.0825998783111572,1.5703119039535522,3.7471419644774904,60.47056635227905
167,1.4189367294311523,1.5404609441757202,4.776097250860473,58.23007499177267
168,1.0878551006317139,1.4707980155944824,4.318751305914724,40.40779559496415
169,1.0648565292358398,1.6122760772705078,4.100563591231258,47.55518771282488
170,1.019413709640503,1.411613941192627,3.7568807463705154,42.83893044848988
171,1.1123489141464233,1.5230213403701782,4.397602676115737,60.108073120510795
172,1.1008410453796387,1.462876558303833,3.8360875929233473,43.61463797567453
173,0.9723396301269531,1.5497559309005737,4.059469940777599,39.60639740934542
174,1.1493148803710938,1.4376076459884644,4.433624513756217,42.86729715614031
175,1.3028578758239746,1.5874465703964233,4.277085149065073,40.788911414166286
176,1.1794979572296143,1.34416663646698,3.768668500275634,49.32055229776323
177,1.0577037334442139,1.2860941886901855,3.4896458580265115,41.23259370569434
178,1.046977162361145,1.313255786895752,3.990647302075885,50.37919438095635
179,1.238364815711975,1.4995702505111694,3.619383719707375,48.4212371347394
180,1.1628071069717407,1.3729095458984375,3.957279927941154,48.18704271484439
181,1.2081695795059204,1.2650359869003296,3.191033442828817,53.44175965443664
182,1.2774018049240112,1.4220751523971558,3.9768676479034593,39.76289873750332
183,0.9415923953056335,1.7801363468170166,5.735125393898498,51.494935701738854
184,1.1417629718780518,1.555556297302246,3.7200198764989727,39.29813437220767
185,1.1821672916412354,1.6206661462783813,4.810138686847799,56.62908676928184
186,1.1906812191009521,1.227966547012329,3.30416389320979,42.450295927305014
187,1.1269701719284058,1.5790246725082397,4.269633480827056,55.16677262277617
188,1.2107795476913452,1.708105444908142,4.746728937247288,52.836049776245055
189,1.0407724380493164,1.419311761856079,4.0971925181649524,45.78994902355854
190,0.9384880065917969,1.5900529623031616,3.6516216066832334,49.196454696519055
191,1.203900694847107,1.59572172164917,4.632128209080363,58.13385501391496
192,1.2599372863769531,1.2147806882858276,3.1885707305648125,50.48757267840749
193,1.2306444644927979,1.6377718448638916,3.807981247032877,59.54767373252922
194,1.0425423383712769,1.513597011566162,3.924610213276032,53.59916973731244
195,1.2525027990341187,1.3803285360336304,3.1385314820524903,49.36937629411117
196,1.0150452852249146,1.3382467031478882,3.0982482076027424,43.2647370993461
197,1.136726975440979,1.252418041229248,2.956124038550243,41.614650585998255
198,1.1058149337768555,1.3753794431686401,4.513028516874564,50.56510581551551
199,1.0376055240631104,1.7507797479629517,3.903389022185729,50.493829039531214
200,1.1150283813476562,1.175297737121582,2.781802417685082,55.48381236701456
201,1.1402603387832642,1.4069290161132812,3.439544002951698,54.602084541743466
202,1.085608720779419,1.4689065217971802,3.2550284366597064,46.126143559695485
203,1.206239938735962,1.4423011541366577,3.502366114276666,51.22415965313586
204,1.1187292337417603,1.2636278867721558,3.720006321006163,33.99713514209732
205,1.0575714111328125,1.312257170677185,3.2185920353527955,46.9634069700779
206,1.0006811618804932,1.56894850730896,4.166907254195201,51.99926079775375
207,1.1266885995864868,1.298762559890747,4.100577768198435,42.04064177129772
208,1.0552443265914917,1.58975088596344,3.9026251069031264,55.04729622889109
209,1.347764492034912,1.5098732709884644,3.6357792434371476,47.446315269053585
210,1.2176272869110107,1.3854541778564453,4.373435929466137,61.27298401131384
211,1.1578781604766846,1.4752756357192993,3.2908795365793435,51.13588603515435
212,1.1997501850128174,1.729972243309021,3.757655760154315,45.715699203337316
213,1.2259387969970703,1.0027717351913452,3.59683266961139,49.03278947418749
214,1.1220815181732178,1.3672575950622559,3.541225145500867,48.63737611724545
215,0.9917316436767578,1.5478061437606812,3.794826987935643,56.86407677514552
216,1.2390730381011963,1.357285976409912,3.5411947937595807,52.32157620894179
217,1.3277027606964111,1.4059436321258545,3.087246999667214,50.307865116548655
218,1.0024452209472656,1.8300142288208008,4.805618964089351,57.3004782123116
219,1.208052158355713,1.3809083700180054,3.8284460015592026,56.74766963634705
220,1.0260837078094482,1.601035714149475,3.9937945712930603,55.92769927273041
221,1.1345158815383911,1.5864099264144897,3.7622227130268326,56.82371232884041
222,1.2208960056304932,1.2455905675888062,3.6413374766432964,59.720187642658196
223,1.1801396608352661,1.2661751508712769,3.5459751447531382,51.632951496258144
224,1.080165147781372,1.7651119232177734,3.9908521254510627,61.877518061535554
225,1.0327129364013672,1.6186819076538086,4.0576570998983525,51.08990124707246
226,1.1318053007125854,1.2763525247573853,3.6898436588555428,46.53113419882032
227,1.0048729181289673,1.4926508665084839,4.106141250072308,57.098577542739065
228,1.109428882598877,1.625064492225647,6.294611084707281,56.85082253647508
229,1.182228684425354,1.464478850364685,3.9856697407831274,55.24191707851294
230,1.1647640466690063,1.3470100164413452,4.810609571627793,57.296507424970244
231,1.0346689224243164,1.2689415216445923,3.9397110604159087,61.01801773388691
232,1.1446123123168945,1.6223419904708862,4.55937629843316,67.72329277807314
233,1.0148895978927612,1.6194168329238892,4.000445912807412,56.24826037654056
234,1.0821876525878906,1.4011707305908203,3.722674866862212,48.60842895298855
235,1.028743863105774,1.5264513492584229,3.70779457248661,58.16269130147684
236,1.1310088634490967,1.3639122247695923,4.218314435566732,49.86098329914426
237,1.1668891906738281,1.4836714267730713,4.018246699324332,53.97659954097379
238,1.221541166305542,1.4084786176681519,3.3929932386888013,53.24907967495542
239,1.1944149732589722,1.5445661544799805,3.632207207233832,50.51560048895038
240,1.2750669717788696,1.2700546979904175,3.7880798044380417,55.6333833689874
241,1.1025762557983398,1.611782431602478,3.7864061707804737,55.58720330529207
242,1.1509252786636353,1.2359721660614014,3.23769879243357,49.44598981681193
243,1.084475040435791,1.3985401391983032,3.5799735971531326,52.074749319454135
244,1.081714391708374,1.3919190168380737,3.4621413367508063,62.85381165894954
245,1.116560697555542,1.6790125370025635,5.60613278872464,64.0061151965442
246,1.134366512298584,1.500807285308838,3.9384078480121745,62.655114415637144
247,1.1282931566238403,1.3938398361206055,3.9777850980149316,47.44931981181044
248,1.0062713623046875,1.6192913055419922,4.18220591836985,42.90284503902519
249,1.175554871559143,1.5783956050872803,3.8137101473737145,45.94807726102407
250,1.1293485164642334,1.4967814683914185,4.176503902524317,51.08706910461244
251,1.0055835247039795,1.4804778099060059,3.973728393815997,54.00975439155052
252,1.2747349739074707,1.3485478162765503,3.3280761193812918,61.97926602750557
253,1.0566415786743164,1.7702831029891968,3.9190108054473587,64.72250934614713
254,1.0317974090576172,1.4972232580184937,3.826551314520729,59.24243587298809
255,1.0270235538482666,1.6286048889160156,3.9208406103444173,60.407921982736674
256,1.1388733386993408,1.274823546409607,4.014386168457075,45.00733847114057
257,1.0850160121917725,1.4305334091186523,3.5589816360590003,56.15722663665323
258,1.0179952383041382,1.7562412023544312,4.661227070598603,49.62526669348218
259,1.0691845417022705,1.5517014265060425,3.4812567790748385,54.07768053176137
260,1.0457794666290283,1.5734772682189941,3.9644766126763678,60.060764181866155
261,1.0580730438232422,1.410293459892273,3.613434812279172,58.356255015954154
262,1.0853817462921143,1.2226362228393555,3.168951086989978,52.841264593217545
263,1.259218454360962,1.1990036964416504,3.1644342324662738,59.06927729842452
264,1.0655808448791504,1.7385796308517456,3.395781926283294,52.945123715176436
265,1.0393619537353516,1.4509259462356567,3.677855061980495,63.35651570515273
266,1.0698211193084717,1.493383765220642,3.06760328874096,66.68469007196117
267,1.1041486263275146,1.830107569694519,4.671178136824228,59.43336568139503
268,0.9435572624206543,2.07898211479187,5.046461072016946,62.34851564021103
269,1.1410127878189087,1.6624644994735718,4.654841869770498,62.160790959994074
270,1.0633301734924316,1.4358854293823242,4.175722079187272,49.71195393667144
271,1.1349314451217651,1.3707307577133179,4.044533595428632,65.19667678465214
272,1.069159746170044,1.3789894580841064,3.8487445498208617,65.8242298667986
273,0.9991229772567749,1.1076115369796753,3.749156631347091,59.40163728862262
274,1.1007823944091797,1.7397533655166626,4.246361077693672,59.283106298183775
275,1.0898799896240234,1.6967575550079346,3.958021860943165,61.099013345586314
276,1.2819879055023193,1.376352071762085,4.321168470677764,58.52345750519307
277,1.1498554944992065,1.1602412462234497,3.2784480424907767,47.047931174371676
278,1.3336602449417114,1.237820029258728,4.050009003838937,46.3409125172424
279,0.9348286390304565,1.6856335401535034,4.429468103836632,58.40931402867056
280,1.2063930034637451,1.338662028312683,3.7440739960930665,58.81414591890926
281,1.037898302078247,1.6010029315948486,3.920891930899074,59.06909514952193
282,1.0938619375228882,1.3478288650512695,4.141492027225594,49.82033972469807
283,1.091299057006836,1.5580230951309204,3.9364815017424024,62.19117232902516
284,1.0457720756530762,1.4171538352966309,3.953374358703134,56.78697917880105
285,1.1648082733154297,1.5432895421981812,4.190893489852764,51.69740361099748
286,1.2735921144485474,1.4676196575164795,4.111291735793576,56.33254545246338
287,1.0122357606887817,1.612369179725647,4.439564133697897,68.00220781273836
288,1.183243751525879,1.3812450170516968,3.8519594225400686,58.601023531611446
289,1.053293228149414,1.6676599979400635,4.114580747999064,62.32566159335031
290,1.0656445026397705,1.710473895072937,4.505297047815746,57.273669945020266
291,1.0197744369506836,1.6713815927505493,4.080897570801926,51.80524733375317
292,1.0101432800292969,1.8177837133407593,5.0956216142317645,58.81895125828454
293,0.9727469682693481,1.7523161172866821,3.678627044384352,69.24818433767811
294,1.2003765106201172,1.2908921241760254,3.811039860170553,50.520823297571916
295,0.9771479368209839,1.6548652648925781,4.470699784522451,52.596571309661655
296,1.0395053625106812,1.7020829916000366,4.943359555657828,60.59435317689478
297,1.1902316808700562,1.099547266960144,3.659956267639615,75.04545867871809
298,1.2251619100570679,1.4735965728759766,4.381775093335209,54.69391335410435
299,1.100792646408081,1.124088168144226,3.5772981439866087,59.10687240715678
300,1.111704707145691,1.835810661315918,5.584689476419902,56.12185486647819
301,1.105810523033142,1.3177953958511353,3.217098106715592,45.82523342839222
302,1.1328586339950562,1.415736436843872,4.151755148620899,58.694117775699354
303,1.0104408264160156,1.591884732246399,3.688667809966413,59.93905167769511
304,0.9921903610229492,1.5883225202560425,5.395937401082339,58.1661961274247
305,1.1253718137741089,1.588168740272522,4.673935390490186,55.83485426952146
306,1.164455771446228,1.5028142929077148,3.743536002907799,61.20821947321458
307,1.2293322086334229,1.2533155679702759,3.837718743575617,66.19711892168276
308,1.1698728799819946,1.4322434663772583,3.8633177699614545,56.73963471653206
309,1.127185344696045,1.4239073991775513,3.8342846800365846,64.48411832064289
310,1.050426721572876,1.6527389287948608,4.306369273934516,60.628396109258816
311,1.1728312969207764,1.4775234460830688,3.5120712455053655,55.53382167199882
312,1.1520226001739502,1.257523536682129,4.117766819192295,50.36144578992835
313,1.1767098903656006,1.519083857536316,3.965081601871179,50.628636332018594
314,1.169318675994873,1.343199610710144,4.059812791573334,57.67135631535293
315,1.26751708984375,1.2744979858398438,3.5255979217296267,69.7241085645264
316,1.112109661102295,1.4187172651290894,4.15087286364913,49.75545143199695
317,1.0624878406524658,1.5566014051437378,3.883621350841676,63.62597307036785
318,1.122218370437622,1.3719007968902588,3.757931663806572,54.33151241208845
319,1.1274349689483643,1.4155969619750977,4.193308058226628,59.522294897069926
320,1.1074953079223633,1.3857569694519043,3.616454251195919,62.382774903934035
321,1.0893607139587402,1.7367690801620483,4.409937820788619,61.634028956772966
322,0.983598530292511,1.4256715774536133,3.5553863058916058,53.11701655388387
323,1.1878647804260254,1.0407323837280273,3.207412271744895,71.07826625041686
324,1.2706360816955566,1.3115577697753906,4.07622220189242,64.97954001718783
325,1.2081620693206787,1.390643835067749,3.940737330332253,59.62063560066668
326,1.0496437549591064,1.5907396078109741,3.9591225611578436,55.39768338942711
327,1.259160041809082,1.3425817489624023,3.8266352141148734,68.6267414449872
328,1.198168396949768,1.4366377592086792,4.081612805277514,65.41718628129586
329,1.116330862045288,1.7170438766479492,4.109341073645338,65.6607090934577
330,1.0202093124389648,1.386330485343933,3.7113918510403487,63.685644656532276
331,1.1969587802886963,1.5695654153823853,3.379793598710568,58.15667925425745
332,1.0231658220291138,1.1460002660751343,2.7388154414960857,60.57458966465223
333,1.0078641176223755,1.5080950260162354,3.9406494818810334,56.7109291447403
334,1.0867637395858765,1.5893892049789429,4.353603722588907,60.39978524385613
335,1.2881953716278076,1.689764380455017,3.9884926267226706,62.264790890551886
336,1.065288782119751,1.5613205432891846,3.4483302436924097,49.120187713900194
337,1.1566863059997559,1.3726338148117065,3.4219681367965005,62.611539060437565
338,1.0527408123016357,1.6534703969955444,4.039326372512729,62.08271077792803
339,1.1810393333435059,1.1640132665634155,3.1320248315385943,54.177967815043154
340,1.1629955768585205,1.9320358037948608,5.1961666878716475,56.07472887360248
341,1.084473729133606,1.530550241470337,3.4672376332100594,62.40068441943455
342,1.2461957931518555,1.3893159627914429,4.725848381307345,58.405484095284564
343,1.1920254230499268,1.2120660543441772,3.6802542022813296,59.55523983926499
344,1.3044710159301758,1.6308631896972656,4.118946974464944,54.6753080975229
345,1.056563377380371,1.4377086162567139,4.844327385107488,58.43361747255246
346,1.039642572402954,1.5774351358413696,3.8241809941810816,68.77765842441656
347,1.2094998359680176,1.4201151132583618,3.5177092258510934,48.95887697011802
348,1.006870985031128,1.3323558568954468,3.37404807081633,53.62926560005573
349,1.0778634548187256,1.4456056356430054,3.9060251318803845,56.38511964725078
350,1.150847315788269,1.306998372077942,3.6799525478802955,67.7334565119869
351,1.052715539932251,1.604622721672058,4.1356208157680046,62.7625845137808
352,1.2188084125518799,1.2517696619033813,3.2936372791843,67.03399004362085
353,1.145763874053955,1.3177623748779297,3.911802657451621,67.24391283014212
354,1.165010690689087,2.2085068225860596,4.21058671758735,66.17477699970365
355,1.192823886871338,1.5229943990707397,4.226299186092968,64.45202213359038
356,1.048248052597046,1.4551746845245361,3.0052153720369392,60.672352289081275
357,1.2610712051391602,1.3993982076644897,3.4212157328727453,57.26506417860917
358,1.146864891052246,1.2376619577407837,3.337086444477098,56.644457996702265
359,1.193224310874939,1.2203724384307861,4.132670693629491,55.643819929461486
360,1.255672812461853,1.112657904624939,3.4081335703107034,61.81483339845898
361,1.0359094142913818,1.444244146347046,4.1464144912536955,50.31895662155853
362,1.153221607208252,1.6490691900253296,4.866713232967677,64.77478503698987
363,1.3922210931777954,1.1402117013931274,3.152164279309821,60.22174804686427
364,1.1281801462173462,1.1661285161972046,3.6328288027604407,66.8252672968936
365,1.058592438697815,1.421351432800293,3.605845008184691,68.52228471285676
366,1.3733028173446655,1.7568153142929077,3.8545999532552497,50.37132465466985
367,1.2709040641784668,1.3438854217529297,4.200934669421497,57.95913812462186
368,1.0226668119430542,1.7798362970352173,4.087520814201575,55.2063765193947
369,1.2385097742080688,1.060067892074585,3.957461824344796,60.13291826685305
370,1.0225043296813965,1.1129286289215088,3.734162181066776,53.400503325607126
371,1.0644621849060059,1.5619053840637207,3.597545459559364,60.49668603240196
372,1.2370641231536865,1.6674950122833252,4.026842709347807,55.460235507397215
373,1.110180377960205,1.348141074180603,3.2993496082945564,65.52136673549766
374,1.0912959575653076,1.6435092687606812,3.793446994519504,62.234166599385254
375,1.190041422843933,1.7365306615829468,4.3857592088585635,78.11091713301238
376,1.0975332260131836,1.7194883823394775,4.431888936677187,66.71384929921517
377,1.1566072702407837,1.1594021320343018,3.816109538139683,53.702806032190274
378,1.1733794212341309,1.3655598163604736,3.9802555474046715,64.6470538854955
379,1.1249881982803345,1.361906886100769,4.2935278115518845,59.17406181868968
380,1.2041842937469482,1.316046953201294,3.4724635283253065,49.76860767427782
381,1.1420753002166748,1.6265602111816406,4.281556632718025,62.447398815729215
382,1.2011370658874512,1.3306899070739746,4.102487399430458,51.19656039596087
383,1.0244213342666626,1.2610043287277222,3.872671350037446,51.71905196172999
384,1.2112528085708618,1.8070898056030273,4.4518130519969015,62.84931073623782
385,1.0945504903793335,1.5502537488937378,4.460426519195839,78.22874945743105
386,1.0099886655807495,1.4466804265975952,4.356470174931605,57.702804392683404
387,1.2782623767852783,1.5459378957748413,3.9714301829819023,62.19805620484997
388,1.2720800638198853,1.1310123205184937,3.2765676885227113,49.26612392820575
389,1.1240334510803223,1.3389837741851807,3.995809521258149,53.218617690305216
390,1.1918330192565918,1.3182871341705322,4.0759980629174875,62.17107899905538
391,1.1793336868286133,1.0803146362304688,2.9680635696357602,57.12045154777809
392,1.2566869258880615,1.6650364398956299,4.11251984524142,57.363799855898904
393,0.9116246700286865,1.3519104719161987,3.9435701794832685,58.26061517407555
394,1.151677131652832,1.6993988752365112,4.428474026451957,61.72093513483678
395,1.1651102304458618,1.5414875745773315,4.331219883194297,63.72384476101352
396,1.2448285818099976,1.365416169166565,3.2087480285220096,54.31374514804081
397,1.2696952819824219,1.3491480350494385,4.4799400927366495,60.556884922474126
398,1.149115800857544,1.2965227365493774,3.7912201469668894,60.711690044140624
399,1.2489941120147705,1.1725953817367554,3.6111510766705153,68.27563174800618
400,1.1410804986953735,1.4933648109436035,3.6279928712049334,66.20379339022604
401,1.3716866970062256,1.2788647413253784,3.8705123561304435,66.8121157449735
402,1.1268079280853271,1.0801693201065063,3.2002028034967904,54.15075917626907
403,1.141973614692688,1.3776639699935913,3.6905100271490787,57.94139143234283
404,1.267683982849121,1.4968794584274292,4.374609780852565,55.92077736840447
405,1.0201530456542969,1.369182825088501,3.9631305274890694,50.604469369033254
406,1.2113147974014282,1.4269613027572632,3.8422240959159284,54.2899639252486
407,1.0660182237625122,1.3815840482711792,4.016596369494081,68.94029615491658
408,1.1897895336151123,1.735388159751892,3.8314642766439806,69.59405463124834
409,1.0867607593536377,1.3007787466049194,3.2670645648665047,50.144631998359884
410,1.2037854194641113,1.420393466949463,3.815209766628409,57.1597969082736
411,1.1472387313842773,1.364014983177185,3.6012303705628246,55.30369910793254
412,1.194201946258545,1.4280118942260742,3.89067386177003,70.71535463935977
413,1.1310722827911377,1.2541170120239258,3.6950101343869783,60.43417234245082
414,1.2673686742782593,1.1658267974853516,4.054693277380459,68.41813986387488
415,1.1144829988479614,1.3096309900283813,3.8605144804298273,54.411639880714674
416,1.096994161605835,1.343808650970459,3.847017591473651,64.4521954470404
417,1.0644712448120117,1.5281752347946167,4.199019396812489,57.704101575147135
418,1.1573982238769531,1.5318292379379272,4.421798777852349,56.9734446438747
419,1.3260602951049805,1.1101878881454468,3.444102650989522,59.925523505860454
420,1.2279484272003174,1.5075606107711792,4.645525468362694,65.4403446422752
421,1.264143943786621,1.4774385690689087,4.889061283121363,58.9879598673075
422,1.0519299507141113,1.4796454906463623,4.7774228912263,51.633055463108384
423,1.0815716981887817,1.2882665395736694,3.3881324800514925,68.50913136066215
424,1.0932068824768066,1.5005890130996704,3.3712382227878983,59.817733980548525
425,1.2061692476272583,1.4553029537200928,3.624940906388431,51.47295696431438
426,1.1774117946624756,1.2212072610855103,3.6278692491782967,62.235902300932956
427,1.1126985549926758,1.2315078973770142,3.6175501830202785,51.215690172498874
428,1.1170554161071777,1.4360438585281372,3.6824038854967154,65.25759143016019
429,1.141132116317749,1.3415883779525757,4.00187536500578,57.740339811063095
430,1.1284064054489136,1.274176001548767,3.834782761299504,54.0471448120777
431,1.1768949031829834,1.3551079034805298,3.8379491975740474,57.068927053648245
432,1.215313196182251,1.351151704788208,3.4825128218760684,66.2576828562113
433,1.2211854457855225,1.1706074476242065,3.8244974312786555,62.266565204946964
434,1.1827064752578735,1.063920021057129,3.8141896893637592,60.343484504192666
435,1.2939258813858032,1.1769367456436157,4.059909407304548,59.40290159942218
436,1.2455425262451172,1.0516947507858276,2.695865398116898,57.63548593261875
437,1.2652919292449951,1.5576857328414917,3.9889652903213015,62.24755833687406
438,1.0808922052383423,1.7942653894424438,4.23084638190992,69.16347102865252
439,1.3113898038864136,1.3918927907943726,4.064324856469321,57.147268195768994
440,1.1763079166412354,1.4177449941635132,3.5768296985800716,80.45579412390487
441,1.1041266918182373,1.546740174293518,4.666603530169197,55.3750541224398
442,1.203965663909912,1.4694370031356812,4.251169135645785,55.71794879330858
443,1.1838728189468384,1.4827266931533813,3.8401980780865577,65.67106165799504
444,1.1030901670455933,1.432350993156433,3.542855374294086,46.64353236253994
445,1.252143144607544,1.3602765798568726,3.541168713287026,52.30659215717583
446,1.1817104816436768,1.295603632926941,3.416889379023851,55.78195599396853
447,1.0809519290924072,1.4748377799987793,4.346552717342006,65.6692463619708
448,1.2117547988891602,1.267153024673462,3.8777354764711727,65.19815538750841
449,1.0876717567443848,1.220680594444275,3.674457614727748,55.37421976681207
450,1.1374149322509766,1.4358634948730469,4.09705933788052,61.4399752575889
451,1.1685914993286133,1.4797632694244385,3.9998873995094164,60.06839703843871
452,1.1720595359802246,1.3544033765792847,4.065004729761558,60.69170447872085
453,1.2257497310638428,1.31010901927948,3.0129738620823177,62.51310160057339
454,1.128811240196228,1.3993934392929077,3.7845802738998984,65.39555403179212
455,1.22297203540802,1.4375213384628296,3.559688376121705,53.310394251448876
456,1.2157011032104492,1.416378378868103,4.172918167201782,51.11997053802643
457,1.2644200325012207,1.1184589862823486,3.4152564581779536,68.85781012752471
458,1.1159576177597046,1.2128063440322876,3.570490524613006,60.310815231465035
459,1.1081905364990234,1.39366614818573,3.3056509528301894,61.16736724674746
460,1.1785316467285156,1.3386155366897583,3.3690292017894445,58.62387399458797
461,1.1632492542266846,1.172575831413269,3.2627168580449295,57.80665136929462
462,1.0930702686309814,1.3413969278335571,4.2206144417118745,57.02904625524057
463,1.192954182624817,1.4185718297958374,3.7282488347743072,52.51885122100676
464,1.2434957027435303,1.4727469682693481,4.050527435451773,56.29202908566226
465,1.1006633043289185,1.7485073804855347,3.93389756234813,66.6275300522372
466,1.1003468036651611,0.9707517623901367,3.603389699899414,39.629092532386395
467,1.093371868133545,1.4676202535629272,3.680869040366892,67.03126077454502
468,1.1803467273712158,1.3601511716842651,4.003251344049766,60.61821522311156
469,1.1413068771362305,1.3516374826431274,3.6653130125767936,66.43709893208158
470,1.0386261940002441,1.5289385318756104,4.029836292389986,70.67918191626583
471,1.161926031112671,1.273392677307129,3.2595156574790862,53.66208913183996
472,1.1082355976104736,1.1863148212432861,3.413095571526536,57.65158638913821
473,1.162282943725586,1.1897023916244507,3.2676458630617264,55.99674499998636
474,1.236879587173462,2.0731756687164307,4.127918277336225,71.97258887613297
475,1.1042886972427368,1.3799371719360352,3.223870229120279,64.56680365690858
476,1.109179973602295,1.4260601997375488,3.844240838707648,65.13375410836966
477,1.1400033235549927,1.4115468263626099,4.1008861513870185,53.34004090275451
478,1.2204509973526,1.1503185033798218,3.885054901191588,61.90717298636503
479,1.29008150100708,1.1958391666412354,3.5576871663397265,66.15639373879822
480,1.1044580936431885,1.2713685035705566,4.079797350139855,58.82318198566128
481,1.1807085275650024,1.153140902519226,3.7287581095411904,61.023678660488635
482,1.114422082901001,1.0617148876190186,3.6808004389827853,52.19557112302008
483,1.2260080575942993,1.4177544116973877,4.011817944787847,44.79033264734147
484,1.1202754974365234,1.6109507083892822,4.5000124288196215,60.48579808898094
485,1.1060614585876465,1.3388713598251343,4.317823932328009,49.162355458306955
486,1.198965311050415,1.3622227907180786,3.2608315872736933,63.32888712209385
487,1.2280399799346924,1.1621989011764526,3.369617916292572,58.5298893055219
488,1.2693966627120972,1.1720447540283203,2.971642003764154,59.256795139037266
489,1.4271546602249146,1.1208059787750244,3.699973687770676,48.30165675197522
490,1.1681737899780273,1.264146327972412,3.500289930639649,55.33966260043938
491,1.21402907371521,1.1258983612060547,4.072043659321962,54.51736288326304
492,1.1773654222488403,1.5510637760162354,3.4780812129652388,58.94114618959952
493,1.1810638904571533,1.2667486667633057,3.6415752548202307,58.67428493970987
494,1.1915169954299927,1.0933490991592407,3.249777922241207,58.65074448885885
495,1.1141347885131836,1.4224739074707031,3.377818621079201,58.494837051891345
496,1.1998263597488403,1.7277809381484985,4.650522310839592,66.83458874779706
497,1.1860105991363525,1.5128388404846191,3.924727928976089,56.83502810278545
498,1.0814200639724731,1.4560257196426392,3.162447999039177,52.70513344253064
499,1.0901641845703125,1.3884423971176147,3.2264956611253135,57.72329511880494
500,1.1737866401672363,1.388583779335022,4.331306139387798,68.63097520326804
501,1.2310596704483032,1.2322040796279907,2.8099555111069456,63.81939305880631
502,1.1588997840881348,1.299809217453003,3.872366936872993,55.898984446525176
503,1.2577121257781982,1.3243087530136108,3.9886561256333186,58.334645659504346
504,1.1620272397994995,1.2106850147247314,3.6831616038972372,69.81371598125044
505,1.2329282760620117,1.0096911191940308,3.051198238288166,66.6724493738832
506,1.2009046077728271,1.2937917709350586,3.773596785909869,58.734464665163806
507,1.0958906412124634,1.1246778964996338,2.9425446112089513,56.31183620964546
508,1.222977638244629,1.2934144735336304,3.4071862550922756,60.831397345114034
509,1.3007802963256836,1.159614086151123,2.8587183166000685,58.87291806118767
510,1.241979718208313,1.1656944751739502,3.9474200573667066,60.06241378291235
511,1.2722082138061523,1.2500361204147339,3.895854814210567,61.08499257484119
512,1.2823039293289185,1.19316565990448,2.653309278890779,54.668756782548215
513,1.265497088432312,0.9688213467597961,3.1198978556934773,73.64632806440514
514,1.2373030185699463,1.0980409383773804,2.9743717167453614,66.47610587274721
515,1.2252646684646606,1.4601600170135498,3.8902003235663973,63.90973207924664
516,1.097257137298584,1.131761908531189,2.9608033779574634,52.123804097430515
517,1.2901184558868408,1.1179863214492798,3.1582177726133795,58.745205056555555
518,1.2012122869491577,1.3362482786178589,3.8482589935157674,56.164037235348175
519,1.309154987335205,1.6106144189834595,3.5805042498459763,52.21813168489932
520,1.1224621534347534,1.1473907232284546,3.786326417190038,61.6168972375452
521,1.13873291015625,1.5855993032455444,4.056391385481002,64.29168593280788
522,1.1870099306106567,1.2737665176391602,4.404363375460182,51.63315787768411
523,1.1902949810028076,1.3263128995895386,3.2514815133431854,49.63490717684955
524,1.1930270195007324,1.087579369544983,3.63707416463392,56.655438801956265
525,1.099942684173584,1.3761824369430542,3.833035433142524,64.75912709972319
526,1.3072445392608643,1.319222331047058,3.3960891292238644,55.37195892016442
527,1.15913987159729,1.2686046361923218,3.4583412371654503,53.6230727539056
528,1.1428700685501099,1.2704185247421265,3.133922413207643,62.47010930935318
529,1.2200456857681274,1.1672251224517822,3.783104524533546,66.48627057177863
530,1.1644195318222046,0.9716305136680603,2.9281951141833065,50.32538172565472
531,1.175281286239624,1.323569416999817,3.8451745277705363,65.06891402762494
532,1.2335624694824219,1.260398030281067,3.168398853901916,52.85916956488552
533,1.0912492275238037,1.4376585483551025,3.7128630602952404,60.55658791793674
534,1.1724357604980469,1.4323660135269165,3.728617182564288,58.301332951510375
535,1.2090922594070435,1.3809534311294556,4.0274381588082315,62.989405447294565
536,1.05575430393219,1.5412813425064087,4.1434794074381145,65.17543945336776
537,1.2572615146636963,1.2314413785934448,4.069402886731432,48.80509811239684
538,1.1778794527053833,1.2606650590896606,3.7908251966982016,58.389635755934606
539,1.1161870956420898,1.2855253219604492,3.430095332496537,45.29894803996871
540,1.1855988502502441,1.2609302997589111,3.641108194515955,59.91321183688149
541,1.0904444456100464,1.2524800300598145,3.575414842609024,51.018857881714034
542,1.2232682704925537,1.4434356689453125,4.1280886786414435,57.04961472208053
543,1.3451212644577026,1.1006113290786743,3.64903581225783,56.490853402384936
544,1.2234762907028198,1.329297423362732,3.4818987915270627,60.17052501032926
545,1.1197680234909058,1.4707609415054321,3.798047868891272,55.65943432371985
546,1.1757696866989136,1.105086326599121,3.5817540929472975,62.113716644653046
547,1.2302095890045166,1.6063098907470703,4.068809183049705,55.52126638695612
548,1.2634539604187012,1.3643537759780884,3.3214675699179015,51.97712220397686
549,1.174445629119873,1.2047337293624878,3.426566316487842,52.10970775063295
550,1.1653757095336914,1.2237154245376587,3.6225218927914478,60.10144785334794
551,1.1182607412338257,1.3800092935562134,3.8791904027048245,62.173019922186775
552,1.158268690109253,1.2672693729400635,3.360505661903429,55.3164948117674
553,1.1534454822540283,1.3983317613601685,4.371015446073309,48.6769756792734
554,1.1282483339309692,1.1752598285675049,3.455116486865485,58.122309453966494
555,1.1027235984802246,1.279658555984497,3.457827214803055,60.35312973433375
556,1.1410839557647705,1.6953743696212769,3.8955367114637975,61.88231573946047
557,1.17891526222229,1.5293810367584229,4.122749499744753,56.76318819237818
558,1.2198278903961182,1.1700677871704102,3.7578747130595422,43.80021871599807
559,1.2035168409347534,1.5354923009872437,4.5218693962214145,53.34167773469144
560,1.2176636457443237,1.1575102806091309,3.474800007092802,60.78063328737031
561,1.2442978620529175,1.4759987592697144,3.229569161119676,58.55639252119046
562,1.200416088104248,1.4751739501953125,4.60414189977603,56.86987776853658
563,1.1177031993865967,1.2459999322891235,3.716632765640405,56.71021314580658
564,1.241600513458252,1.2716786861419678,3.757753264385198,54.676948838393116
565,1.125774621963501,1.5714324712753296,4.151073683968599,70.79048893056766
566,1.1070997714996338,1.4055293798446655,3.4106013060604985,60.645544488142065
567,1.3352717161178589,1.4087415933609009,3.8049817433188546,58.079769016782535
568,1.133251667022705,1.6071432828903198,3.5281383220157396,61.796839136822584
569,1.1095119714736938,1.6217457056045532,3.8043818443179798,66.32571682353552
570,1.2402104139328003,1.2722471952438354,5.104760836999198,51.924072733145714
571,1.1418273448944092,1.2688215970993042,4.165416854724139,49.34225845191387
572,1.180078148841858,1.0363796949386597,4.067482362584771,59.82417763826561
573,1.131542682647705,1.2907181978225708,3.923697726371023,52.29853729424941
574,1.1605803966522217,1.1573553085327148,3.189526256429937,60.749832481506694
575,1.3347060680389404,1.0044186115264893,2.6782722039080684,52.00652601234109
576,1.2044708728790283,1.3679720163345337,3.378026587490593,60.518452420560884
577,1.18021821975708,1.2761521339416504,3.8134355114601144,52.38537252284401
578,1.2214460372924805,1.1479406356811523,3.229966325471816,51.93827022800155
579,1.2237805128097534,1.214369773864746,3.1584893218184242,57.40209519798704
580,1.2094815969467163,1.142691969871521,3.9690240176619866,58.111834803751705
581,1.1741527318954468,1.3140050172805786,3.592955676865334,59.94413079304986
582,1.1449079513549805,1.279717206954956,3.1047897645263305,56.30818509978194
583,1.2775212526321411,1.0523946285247803,3.320465738706838,55.17086288707254
584,1.2484089136123657,1.364848256111145,4.070617331966338,60.865000655484984
585,1.1909300088882446,1.1925820112228394,3.201999129256176,54.907900589426426
586,1.2117260694503784,1.431982398033142,4.029938979425034,53.62668373501974
587,1.2348196506500244,1.5194112062454224,3.4195442525199704,62.461310867355536
588,1.270542860031128,1.47987699508667,3.424614874538842,54.913136791751526
589,1.2983862161636353,1.1158173084259033,3.8083646090059298,65.42304040285862
590,1.2920920848846436,0.9959301948547363,3.0627349469024847,63.405941329042626
591,1.2316761016845703,1.1976540088653564,3.3511745482099258,64.84925349861786
592,1.1935728788375854,0.980341911315918,2.899877736604652,48.5775473142295
593,1.2048250436782837,1.2304322719573975,3.639142552626624,56.95969766405781
594,1.178128957748413,1.1372114419937134,3.0183470304601143,54.56225689498859
595,1.21714448928833,1.392931580543518,3.906984321119045,65.18779459427878
596,1.171691656112671,1.2323499917984009,2.7415620254905493,53.870718319079415
597,1.204822063446045,1.3295259475708008,3.463944141914626,55.60918134998494
598,1.1159329414367676,1.342402696609497,3.3486861577639075,59.17665493612383
599,1.1715611219406128,1.2495774030685425,3.4540600444995806,60.091551516102996
600,1.0823415517807007,1.2666534185409546,3.640535461463368,60.37092871142966
601,1.2286397218704224,1.2110522985458374,3.6125418517619092,54.11459222556782
602,1.1168041229248047,1.126468539237976,3.403482329799949,55.213311178506636
603,1.2059192657470703,1.3257849216461182,2.8829284657858283,54.657370182472164
604,1.1788554191589355,1.3362771272659302,4.10380804309668,48.22606039976066
605,1.1783995628356934,1.4441206455230713,4.232646065191413,50.46631671422172
606,1.2381619215011597,0.9289018511772156,3.529720979692719,53.37484492571265
607,1.1418876647949219,1.1941310167312622,2.8635683026619385,51.14485095432682
608,1.1239351034164429,1.3045448064804077,4.014303536331344,58.058306508489224
609,1.1901617050170898,1.2287310361862183,3.5970264781641577,58.48445384978357
610,1.2173614501953125,1.4038752317428589,4.278215589781622,45.52395332970445
611,1.21657133102417,1.224252700805664,3.237064923422038,56.24630513176789
612,1.2890052795410156,1.4151735305786133,3.6874055840600244,49.42112030425046
613,1.161938190460205,1.3135552406311035,3.8382926544749263,52.82407761881229
614,1.1931995153427124,1.4066725969314575,3.4417899241471437,51.79822401057332
615,1.15425705909729,1.4464197158813477,3.105970247145743,53.454483067503624
616,1.1953113079071045,1.3369348049163818,4.049671682499817,60.96709508073072
617,1.15132474899292,1.164973258972168,2.9863863617997297,58.633255048224264
618,1.1309051513671875,1.3918075561523438,3.0812428210199942,58.30322638412306
619,1.3067269325256348,0.9048175811767578,2.748506503611157,43.91216607517538
620,1.239448070526123,1.4167245626449585,3.325329673450505,68.5511028903915
621,1.108792781829834,1.3220839500427246,2.91031311191825,54.67812769414546
622,1.1662747859954834,1.1891202926635742,3.0912625404801566,56.50665429059168
623,1.3379056453704834,1.034170389175415,3.2122271796528503,47.288596211453914
624,1.3613502979278564,1.310433268547058,3.534425413718932,65.39922773515045
625,1.226466417312622,1.3485167026519775,3.789748868081645,61.83524411089458
626,1.0920333862304688,1.2122470140457153,3.199848724819093,62.35125292993364
627,1.0793144702911377,1.4416592121124268,3.4781745248138796,57.16212465329652
628,1.1746742725372314,1.416383981704712,3.6760485350637495,54.994473768067415
629,1.2296147346496582,1.0365017652511597,3.228044589612341,53.17122902873571
630,1.2020299434661865,1.3430471420288086,3.5401161442310842,51.79801349700982
631,1.3382436037063599,1.1861895322799683,3.0513214277085443,55.24565459809365
632,1.2325910329818726,1.3469083309173584,3.568348312853743,55.57979683061721
633,1.2179007530212402,1.1622415781021118,3.3815566867648057,55.9157673081727
634,1.256401538848877,1.2458347082138062,3.778607503509531,53.154129228834584
635,1.2567658424377441,0.9794506430625916,2.7275365362519697,55.94624116012284
636,1.1277847290039062,1.1641894578933716,3.027496157830059,52.641043409781105
637,1.165959358215332,1.2213941812515259,2.8603295186192774,60.28762479820499
638,1.1901047229766846,1.1613960266113281,3.0933491475593846,55.4148305250962
639,1.1744794845581055,1.6561298370361328,3.387268654443165,65.95590824832601
640,1.2394721508026123,1.241756796836853,2.7402724779851293,54.039895396036826
641,1.207183599472046,1.2562741041183472,3.0564533766868056,55.0137950633388
642,1.23977530002594,1.2746070623397827,3.0776165847805044,55.59298056034593
643,1.1341652870178223,1.3448528051376343,3.12489570108901,59.42779807238166
644,1.216776967048645,1.2663952112197876,3.8177084292253074,60.18988195205466
645,1.1978130340576172,1.374037742614746,3.2064766143986443,62.25187445615429
646,1.22991943359375,1.2782176733016968,3.396430427425604,53.67922948187818
647,1.1992406845092773,1.0166066884994507,3.7065560648428932,55.16038124163378
648,1.2077608108520508,1.2900699377059937,3.411244338969578,51.46362882723191
649,1.2786853313446045,1.4157181978225708,3.3145993211501183,65.5478171883948
650,1.1857621669769287,1.2648811340332031,3.1418311910821397,52.95832257343621
651,1.1999118328094482,1.1302485466003418,3.391110112259019,53.90614562552883
652,1.1860252618789673,1.2412313222885132,3.105795524529204,50.376533296429116
653,1.2064614295959473,1.0818203687667847,2.880024433179777,50.00643841504954
654,1.1269559860229492,1.2058433294296265,2.869015699528622,55.357200208283686
655,1.2509751319885254,1.2005003690719604,2.9001964778982297,49.437008222054466
656,1.2560622692108154,1.3165318965911865,3.7362683100947343,57.10343193372335
657,1.154400110244751,1.2224831581115723,3.4138956236434823,55.92843142703037
658,1.2732759714126587,1.1480963230133057,2.9025857600535785,44.933085499040125
659,1.1799118518829346,1.2068777084350586,3.076903805564747,52.512380841401324
660,1.154487133026123,1.3806263208389282,3.2798368788126555,52.79469689147001
661,1.1553585529327393,1.3136509656906128,3.3184488474383054,61.95179445522297
662,1.3297728300094604,1.5899324417114258,3.784981213310826,58.2327535376719
663,1.1664915084838867,1.2952684164047241,2.9334086234510335,54.758469089338476
664,1.3124316930770874,1.0246257781982422,3.1245114726000214,48.2687439096908
665,1.1346735954284668,1.4175456762313843,3.429308089583038,54.65106138417535
666,1.321368932723999,1.373058557510376,3.53790973624387,53.448003443414315
667,1.242415189743042,1.0771158933639526,3.2887520683178497,46.44641300901583
668,1.1387465000152588,1.5017656087875366,3.726873187304018,53.74497301666299
669,1.2051206827163696,1.387104868888855,3.3701892415809165,52.99132914079316
670,1.1990951299667358,1.3050353527069092,3.1434250582947105,56.635523418756705
671,1.2064763307571411,1.2548907995224,3.5264361164330653,55.144552674877744
672,1.3187916278839111,1.117841362953186,3.292796816913179,53.745670005031975
673,1.2653982639312744,1.2158784866333008,3.3572249453423524,50.503721631262096
674,1.1849726438522339,1.2398828268051147,2.7806024838129404,67.35384903620532
675,1.2621517181396484,1.11106538772583,3.0288092773019333,50.54264065526328
676,1.2554783821105957,1.0720226764678955,2.8326814011225365,57.3397192033258
677,1.1893463134765625,1.2624753713607788,3.0288626240338825,49.132410862275705
678,1.1930129528045654,1.067214846611023,3.2304582254677205,59.26789492900407
679,1.3090424537658691,1.097855567932129,2.8199850048134625,63.022401058237485
680,1.2031161785125732,1.15631103515625,2.6832039188595656,53.78244577870021
681,1.1464784145355225,1.3246372938156128,3.0991749162697624,49.10524191619271
682,1.3495169878005981,1.1593345403671265,2.5370052619990875,59.51168161074465
683,1.2678929567337036,1.4102340936660767,2.516209123828089,50.231815242935035
684,1.1923878192901611,1.402327299118042,3.24065879554171,51.10015190855072
685,1.2171235084533691,1.027618408203125,3.3891094161218636,47.44261863064659
686,1.1946661472320557,1.3157446384429932,2.9472379034726166,58.797934191577674
687,1.2914791107177734,1.44918954372406,3.1954987188708217,64.14360914292038
688,1.1015336513519287,1.4371023178100586,3.643648403150786,49.50109981416033
689,1.2841821908950806,1.251372218132019,3.40338719986748,55.28252525837453
690,1.2250518798828125,1.4950512647628784,3.5726056482257627,46.10955022017924
691,1.0978446006774902,1.2301267385482788,3.251352945660513,48.027344091451724
692,1.2978700399398804,1.237306833267212,3.3324795575982447,61.064045813418325
693,1.4261832237243652,1.432717204093933,3.6533920600115115,52.7174432574293
694,1.1764717102050781,1.0220249891281128,3.3112439430917697,48.32948648884853
695,1.2848137617111206,1.3142281770706177,3.362000218114187,53.390695079496325
696,1.0765959024429321,1.2399415969848633,2.9866208503166787,57.53997120674606
697,1.2565102577209473,1.2517542839050293,3.0551610738209405,52.88448569047619
698,1.1970378160476685,1.2851375341415405,3.1759030620359376,53.111419158434714
699,1.293949007987976,1.2078202962875366,3.907975249135416,52.87045002646026
700,1.1551399230957031,1.3067020177841187,4.103056021093556,49.446256341067055
701,1.326864242553711,1.095228910446167,2.930343936567812,58.552696754463256
702,1.2622060775756836,0.9658665657043457,3.0964502691276183,45.827978963969606
703,1.1538963317871094,1.3587617874145508,3.5734785909051268,59.22972216255208
704,1.2413535118103027,1.3790773153305054,3.2782488187091685,50.10167316238064
705,1.2827593088150024,1.258924961090088,3.2045537396164154,63.66428389588297
706,1.286637544631958,1.1957741975784302,3.180576613619953,54.763963502161786
707,1.2822256088256836,1.1589435338974,3.1664719968327284,52.21746704953348
708,1.2277264595031738,1.299991488456726,2.518888580893582,46.73771122909267
709,1.3091530799865723,1.1367892026901245,2.881940110781167,54.65592230018797
710,1.125087022781372,1.195778489112854,4.199282679649703,53.539383641931096
711,1.145493507385254,1.5513678789138794,3.137400785284548,48.888322495270664
712,1.1265490055084229,1.1142231225967407,2.819967152896023,49.68803173900012
713,1.1731822490692139,1.4253009557724,3.2040551440452694,51.41741815296494
714,1.296252727508545,1.3185627460479736,2.799229751533462,55.88019702212837
715,1.2361695766448975,1.2347124814987183,3.4122141461609594,45.27277041972182
716,1.197837471961975,1.175295114517212,3.145104252420985,57.307170444743186
717,1.2680684328079224,1.1024314165115356,3.2466789979013235,51.60214106873691
718,1.0930263996124268,1.2669353485107422,3.0465480555539495,56.00611536737282
719,1.1003025770187378,1.3525419235229492,2.9836638178237695,55.673929414470635
720,1.0452638864517212,1.321579933166504,3.0530784957835615,54.07480069095516
721,1.2131001949310303,1.321574091911316,2.859043750103749,55.2394004458096
722,1.2858283519744873,1.3389718532562256,2.7772764433986965,53.6461505055632
723,1.2911272048950195,1.1603965759277344,2.5545328808893064,56.256812261122775
724,1.2178869247436523,1.1845180988311768,3.4044613979944693,48.626857650093015
725,1.1823124885559082,1.4850733280181885,3.300833048843175,47.12176177819989
726,1.3051936626434326,1.4570759534835815,3.740892787464898,49.21753919781295
727,1.2607725858688354,0.8906906247138977,2.6576443756380033,56.27669511136409
728,1.264155626296997,1.1716827154159546,3.1916025506705767,49.09070776763186
729,1.3236174583435059,1.0130760669708252,2.524791714133571,59.11413795125007
730,1.2419931888580322,1.1663542985916138,2.5901664927683874,56.57043233660809
731,1.258924961090088,1.487216830253601,2.8602378410592477,48.582565925942475
732,1.2547837495803833,1.356099009513855,3.692566657816679,48.09433463039586
733,1.035163164138794,1.4094499349594116,2.946354753233159,46.612258635350976
734,1.2289371490478516,1.049251675605774,2.8831838800201655,52.855017319812454
735,1.2118619680404663,1.158084750175476,2.8304532926154637,55.439707857492046
736,1.2769831418991089,1.201359748840332,2.5690689558907955,47.95643645193328
737,1.1347005367279053,1.3319357633590698,3.287830854849726,46.20659412230068
738,1.0911781787872314,1.3711271286010742,2.717040001717712,48.748195015771614
739,1.167969822883606,1.0309556722640991,2.632572637025221,50.2022240776294
740,1.2317297458648682,1.3911380767822266,3.0616510785383606,53.07051478856205
741,1.2007806301116943,0.9647493362426758,2.976967178116593,49.339392473130225
742,1.1642484664916992,1.347589135169983,3.244035219844865,48.91529836698393
743,1.1786308288574219,1.4705692529678345,3.019249443353423,59.767542114528986
744,1.2889376878738403,1.1711734533309937,2.8200332643565478,48.665587893428054
745,1.2433655261993408,1.471733808517456,3.3080616586875378,56.65658285672734
746,1.0924808979034424,1.4386018514633179,3.4899516281780403,49.66318006994423
747,1.1494561433792114,1.7022444009780884,3.342163154709709,55.185155392327765
748,1.0329793691635132,1.4407203197479248,3.75922714254056,51.818647427847345
749,1.232749581336975,1.1073963642120361,2.9413195577639186,56.12434693512038
750,1.143620491027832,1.3124595880508423,2.469345534895666,61.295620188944
751,1.1815955638885498,1.1779545545578003,3.3585370198483253,49.383682841162106
752,1.2552707195281982,1.149733066558838,2.7533683082987714,50.87622257652469
753,1.203568696975708,1.085047960281372,2.6474885610705643,46.49837235935814
754,1.1344072818756104,1.2188928127288818,3.450713869608068,50.57983623182698
755,1.242509365081787,1.4276074171066284,3.254754528718645,65.37548521948769
756,1.1621370315551758,1.3076971769332886,2.7687843566636285,51.478531711264004
757,1.2573649883270264,1.2239922285079956,2.6795241071510953,48.4997483944647
758,1.1827549934387207,1.317089319229126,2.8502216350836713,55.50545884044471
759,1.1014201641082764,1.5401611328125,2.9743363750911325,50.14478966669264
760,1.1062397956848145,1.2098277807235718,3.4197404489021523,51.43871292676038
761,1.2793015241622925,0.9434793591499329,2.6160712067467604,51.48386215667257
762,1.2662508487701416,1.3414766788482666,2.7056120342504153,59.96534815519178
763,1.18882155418396,1.5039345026016235,3.172373743020491,62.30825570474969
764,1.2383381128311157,1.0482254028320312,2.764498502482072,57.23168345248421
765,1.1787282228469849,1.2955248355865479,3.3427997292228953,54.3035970619164
766,1.1748219728469849,1.2213014364242554,3.1540474271440466,54.15664156780385
767,1.2174158096313477,1.2028754949569702,2.6852988440823538,51.43044589355027
768,1.2088053226470947,1.1914118528366089,3.3699513640989314,47.82170461914693
769,1.1988840103149414,1.162766695022583,2.856876267194883,47.44522891076899
770,1.2461398839950562,1.184944987297058,2.6711471741504123,50.935275142442606
771,1.1495229005813599,1.2588320970535278,3.182979658968959,49.00620340344468
772,1.146036148071289,1.0225056409835815,3.1449080610296534,48.99630082775897
773,1.4213711023330688,1.2581555843353271,2.9054461751786507,47.182671766308076
774,1.208480715751648,1.3833736181259155,3.0613709138467127,57.76831371325694
775,1.1523306369781494,1.3437734842300415,2.800551898305081,46.50703844126764
776,1.2452831268310547,1.2006198167800903,2.6638153055698632,47.59615711591092
777,1.292602300643921,1.21388578414917,3.4010633747703176,47.41975849719552
778,1.2631218433380127,1.2237204313278198,2.7690824918685233,52.524571080824174
779,1.1788740158081055,1.1195837259292603,2.5082332542350914,54.120648213288554
780,1.1653193235397339,1.3087040185928345,4.570719887378117,41.89235185926704
781,1.2738574743270874,1.1818188428878784,3.377207244326785,55.91148690078744
782,1.2707467079162598,1.212869644165039,2.8291346910123676,50.22802733977958
783,1.1262304782867432,1.439196228981018,3.9253852524698547,50.535548738768114
784,1.1802854537963867,1.2518973350524902,2.5187371300381587,61.549759708998934
785,1.2101047039031982,1.1829246282577515,2.8864589199547384,53.449024018926174
786,1.121977686882019,1.3186777830123901,2.7254830362814535,53.06334994512965
787,1.1931509971618652,1.1451252698898315,2.4581799075037245,52.1615798518683
788,1.2807726860046387,1.1873064041137695,3.209573351222651,58.34227585928867
789,1.1785509586334229,1.2808469533920288,2.6719675368876863,48.73572296558486
790,1.2293851375579834,1.2622772455215454,3.299072763321776,53.400415681349216
791,1.1886323690414429,1.1837841272354126,3.0116915911167257,49.786162322389934
792,1.1232199668884277,1.2106627225875854,3.2350878575329136,41.13402445282278
793,1.2707583904266357,1.002175211906433,3.021167645329067,50.40561468670609
794,1.2218239307403564,1.201971411705017,3.250821604315445,49.15669348652574
795,1.1764428615570068,1.113080382347107,3.1936650852196795,47.50243109611471
796,1.2260940074920654,1.0655072927474976,3.167938888041722,48.821724570565614
797,1.1763458251953125,1.2684797048568726,3.2669919839474466,49.52772048398187
798,1.242542028427124,1.241133451461792,3.410950708022749,53.123241750344896
799,1.2456541061401367,1.054485559463501,2.9471078283656595,57.4660898583204
800,1.3617258071899414,0.9755970239639282,2.6671908797460997,54.80044529480467
801,1.2574262619018555,1.2731107473373413,2.670291488890083,53.38837020999532
802,1.1701277494430542,1.2275266647338867,2.4297469404070644,48.316443996497505
803,1.2764270305633545,1.4988301992416382,2.9475674527186575,54.536079747799285
804,1.3648464679718018,1.1349300146102905,2.8168072384106426,48.143070640868565
805,1.0836548805236816,1.3857249021530151,3.0187633837009122,53.20317594292879
806,1.2305669784545898,1.0749716758728027,3.52104056392752,46.786004570816054
807,1.1947767734527588,1.2419886589050293,3.2251761542714346,54.94422179831631
808,1.2212562561035156,1.355918526649475,3.1395146354237315,46.538882726479045
809,1.1599411964416504,1.3241554498672485,3.1889368064626566,53.53283621333855
810,1.201374888420105,1.2625062465667725,3.4788415805420065,51.95474566024539
811,1.200596809387207,1.1706371307373047,2.907832855511677,51.69705796471295
812,1.1858837604522705,1.0651072263717651,2.9848944928657497,45.41447234514935
813,1.2386360168457031,1.2157877683639526,2.753715546838312,55.1629014400919
814,1.1559391021728516,1.197342872619629,3.233854347357762,53.93768942570679
815,1.2090034484863281,1.3989272117614746,2.573137827564115,62.14349153454336
816,1.1717424392700195,1.1948908567428589,2.84489373182661,53.448626882604955
817,1.245418906211853,1.4315754175186157,3.657296237416197,51.22072441124647
818,1.2507742643356323,1.3444303274154663,3.888107428130926,52.923033291551405
819,1.244956612586975,1.2025223970413208,2.672552688444081,55.447127686638574
820,1.211089849472046,1.2980718612670898,3.2416192420952172,57.853120298517915
821,1.200512409210205,1.417231559753418,3.745587215369923,48.86860956931127
822,1.2936835289001465,1.1178663969039917,2.2942679871728107,48.078919385195654
823,1.168818712234497,1.411257028579712,3.760969656622505,50.995136214825145
824,1.2073519229888916,1.179390788078308,2.2929520063497297,49.405092753918254
825,1.2323634624481201,1.1937675476074219,2.8182685566315797,54.0134941144206
826,1.2419523000717163,1.5494645833969116,3.277020430298764,52.14061867460897
827,1.0587892532348633,1.181056261062622,3.000280123793908,43.70720116686571
828,1.1489229202270508,1.293220043182373,2.5151179306298768,56.99060885286104
829,1.2595833539962769,1.4855830669403076,2.9726840175673375,57.63389537006684
830,1.227577805519104,1.1231069564819336,2.9524516986274456,50.57105936380775
831,1.261668086051941,1.1022814512252808,2.409603830368169,47.46631309556955
832,1.2417656183242798,1.1938832998275757,2.9474858969538777,48.259829714582054
833,1.2639784812927246,1.3318427801132202,3.028742187703439,50.93560777049867
834,1.2579319477081299,1.1441072225570679,2.8949395711504766,50.40338971572696
835,1.2848396301269531,1.3452576398849487,3.238822578765565,52.554711889094676
836,1.1947026252746582,1.2797249555587769,3.6747405630042773,53.709363220483034
837,1.2066494226455688,1.2034733295440674,2.626232209391293,50.086770985758704
838,1.3795006275177002,1.2848323583602905,3.1161735444613545,51.97881183143888
839,1.3247742652893066,1.235610008239746,3.2430824625366275,50.7697107832604
840,1.163047432899475,1.2084652185440063,3.181086917351219,41.177081503965105
841,1.1791856288909912,1.3638694286346436,2.68908966160377,51.11696699998268
842,1.2894381284713745,1.2564328908920288,2.8981247778776122,56.60989148670222
843,1.200857400894165,1.5718015432357788,3.5319511572065627,52.25585231385869
844,1.2531832456588745,1.3768733739852905,2.7182240472919506,49.449275366683224
845,1.2540854215621948,1.2350225448608398,2.6649721843699434,52.08877304354396
846,1.2554430961608887,1.1964893341064453,3.031684262901659,51.362833137168536
847,1.1605345010757446,1.3252959251403809,2.902384097283232,53.24300464817437
848,1.326736330986023,1.115326166152954,2.750889737628423,57.03123951035223
849,1.1377779245376587,1.4139593839645386,3.0149099302381215,47.62204852302795
850,1.3231476545333862,1.0963715314865112,2.8095330464237143,48.03825429720592
851,1.2704768180847168,1.442708969116211,3.1304564049561354,57.26414824606188
852,1.1555064916610718,1.2327879667282104,2.772402391114236,48.98059630167273
853,1.2627907991409302,1.1454323530197144,2.7184171567025035,54.573252590504936
854,1.0896354913711548,1.222124457359314,2.632304780066679,52.3465872377609
855,1.2171406745910645,1.350502610206604,3.0573603152283244,52.479881363499246
856,1.2395321130752563,1.3677743673324585,3.0846885694100274,51.39825135884133
857,1.155246376991272,1.3482221364974976,3.2094006411018343,54.79110283989987
858,1.231938123703003,1.1076065301895142,2.7169689599994564,49.118260810998486
859,1.2712695598602295,1.2573169469833374,3.143803071661868,50.587376048921875
860,1.1894209384918213,1.3682317733764648,3.660773327032313,43.9215340013398
861,1.1824321746826172,1.2643499374389648,3.3863670916692015,57.3035174927585
862,1.1844987869262695,1.214600920677185,3.4646790888168044,46.8567807809431
863,1.211702585220337,1.3443351984024048,3.0481238984632824,55.83483911485084
864,1.154111623764038,1.3193151950836182,3.160452776071073,46.795880327428954
865,1.3181476593017578,1.3316823244094849,2.7634755095296057,58.49916813391916
866,1.261875867843628,1.1743192672729492,2.9338403963178696,55.79031607700624
867,1.2143231630325317,1.257358431816101,2.7649639304206484,55.60466821370067
868,1.0942745208740234,1.1432641744613647,2.8575998892440606,53.50149648013098
869,1.2507017850875854,1.378982424736023,3.557099412033557,61.26697581866415
870,1.0445107221603394,1.3754255771636963,3.626332235704606,52.29942151737695
871,1.1873044967651367,1.2714433670043945,2.355580898946497,49.81059357818846
872,1.1490421295166016,1.114910364151001,2.645391435078229,44.02695952453184
873,1.165490746498108,1.3086845874786377,2.842888577190412,55.29268108633224
874,1.3337690830230713,1.4224179983139038,3.21102379157693,52.47089794039999
875,1.1928998231887817,1.1340893507003784,2.7304819820245605,48.85628324548542
876,1.2172772884368896,1.2776256799697876,2.6656435743933167,51.38096453325161
877,1.0702064037322998,1.5043506622314453,3.969778063227197,50.7532292653308
878,1.2193443775177002,1.0318971872329712,2.6135365206852255,51.71914089222393
879,1.2912025451660156,1.2567652463912964,2.9921558403234907,55.701769349644664
880,1.1646053791046143,1.1927788257598877,2.8811935171718757,55.86488463612339
881,1.1538643836975098,1.299087405204773,3.453191979535499,48.781297702992525
882,1.2914451360702515,1.1142643690109253,2.731883253143871,51.89504228908479
883,1.1703282594680786,1.3787047863006592,3.7332336515343214,49.970715851039486
884,1.1949303150177002,1.0543526411056519,3.921501695421104,46.19421679990894
885,1.2363166809082031,1.1734304428100586,2.6009929383761166,47.50472716601741
886,1.1944864988327026,1.1376808881759644,2.9619652876860947,51.22488220559689
887,1.3349493741989136,1.0728275775909424,2.966440526704384,50.984763948357234
888,1.2010364532470703,1.0636922121047974,2.5749615596511517,55.267379741934626
889,1.2326182126998901,1.1531141996383667,2.853852884665109,41.687912375005645
890,1.1433132886886597,1.3083988428115845,3.092892880784115,50.407942175375666
891,1.3200480937957764,1.1586142778396606,2.535475057397876,49.76493047373586
892,1.1173386573791504,1.23293936252594,3.3446938030376767,48.424116867896366
893,1.1316179037094116,1.1868233680725098,2.785716785670701,45.970112411842194
894,1.2675188779830933,1.0808275938034058,2.8584351120524407,50.693626947738835
895,1.2378488779067993,1.0694141387939453,2.7460708257264295,43.12228909489751
896,1.1562336683273315,1.530360460281372,3.75751727450671,52.940811710600926
897,1.1767114400863647,1.073928952217102,2.990693516668994,55.56910476983277
898,1.204504132270813,1.2571768760681152,3.6347031311379854,48.590750970771936
899,1.28542160987854,1.1177693605422974,2.7384970619368487,61.87950677514318
900,1.0601590871810913,1.489997386932373,3.3227086472098946,53.84055461328975
901,1.3322436809539795,1.0937343835830688,3.5859765450953685,56.72487550382134
902,1.2710068225860596,1.1959093809127808,2.8520737023675684,55.94956343695362
903,1.272019863128662,1.3451404571533203,3.37245282269512,46.99346440935398
904,1.2391469478607178,1.1695934534072876,2.6752715735375823,40.84827010000239
905,1.1324989795684814,1.4635151624679565,3.3725396761932456,53.735403227482074
906,1.1838531494140625,1.24013352394104,3.2173946560963187,57.28541937534627
907,1.2656196355819702,1.172316074371338,2.7362930726293353,51.494978035614814
908,1.2613723278045654,1.4843629598617554,2.6277263930216357,53.235642855669255
909,1.1050505638122559,1.295141339302063,3.0566672023092525,52.4194973209588
910,1.23752760887146,1.2367385625839233,3.262513950776194,45.5572898564872
911,1.3783255815505981,1.0755681991577148,3.508305788810643,49.07523239435351
912,1.286644458770752,1.045189619064331,2.424310745378682,48.64752088643032
913,1.2015773057937622,1.3423577547073364,2.743463925963731,47.163987234026386
914,1.2408974170684814,1.4416788816452026,2.5600420224266074,54.85304489734056
915,1.197066307067871,1.2929502725601196,2.6252447350348724,42.45431613835442
916,1.2564395666122437,1.0143349170684814,2.223827620167968,46.61595944588378
917,1.1544134616851807,1.4084041118621826,2.7108363295524165,39.99757167252129
918,1.2190065383911133,1.3116461038589478,3.5821956656651226,45.6230232248797
919,1.3024622201919556,1.2290486097335815,3.6303187543215123,53.70307031766653
920,1.2380149364471436,1.2837114334106445,3.326755197583495,49.13813256694033
921,1.170307993888855,1.3386337757110596,3.5882448434680017,52.15212866073909
922,1.2735953330993652,1.3280696868896484,3.733638090406665,53.79796653311404
923,1.1432486772537231,1.3835642337799072,3.2496379609717745,44.83335409731313
924,1.1959073543548584,1.0814886093139648,3.2683423398369666,44.4530559639646
925,1.1755248308181763,1.2583460807800293,3.287308109829739,47.141055674766214
926,1.3422021865844727,1.0654621124267578,2.274188312699403,46.53579330065003
927,1.2035036087036133,1.2476415634155273,3.485431628198423,54.49443856726351
928,1.182018518447876,1.1807752847671509,2.9799416311301274,45.12274308454991
929,1.1306142807006836,1.155623435974121,2.785070918654752,45.597768509086166
930,1.1773016452789307,1.0407224893569946,2.6277330769434304,59.69769880904969
931,1.1353386640548706,1.1914873123168945,3.143383317970326,38.182734965580565
932,1.1471259593963623,1.2572940587997437,3.108804836355983,49.658458127645844
933,1.332187533378601,1.2327696084976196,3.100041892450986,56.12721090675481
934,1.2436985969543457,1.1693137884140015,2.3574143267433603,59.2832092110001
935,1.195857286453247,1.332291603088379,3.5054798779998326,50.6667567456422
936,1.1713874340057373,1.1463955640792847,3.40129150144295,48.98557839931362
937,1.3265937566757202,1.182381510734558,2.8733679443690456,53.48510509386189
938,1.1219871044158936,1.094940185546875,2.534959801093663,51.24818670053264
939,1.2198798656463623,1.3017812967300415,3.055188322337813,50.82743266574739
940,1.2983465194702148,1.1175551414489746,2.6787457820006115,44.64245650419677
941,1.2343189716339111,1.1813468933105469,2.0035237949644755,58.29728356590698
942,1.1629186868667603,1.2122060060501099,2.9718878330396414,44.48982988879771
943,1.1548817157745361,1.639237642288208,2.9631756116993024,53.16605217327904
944,1.2628278732299805,1.2758417129516602,2.9528366161899706,45.15398913458893
945,1.1690689325332642,1.3236377239227295,3.3132917811872082,55.804871878284104
946,1.1023105382919312,1.4180967807769775,3.402242298506553,48.360824709520145
947,1.2513238191604614,1.3821481466293335,3.167881096002751,61.811996226769004
948,1.28873610496521,1.1035252809524536,2.9871090814607473,51.737087926161486
949,1.2372047901153564,1.148686408996582,2.6937314291197545,47.66773764727446
950,1.243290662765503,1.2751845121383667,3.7032490207736095,47.09959070226137
951,1.2843018770217896,1.1293975114822388,3.83999198199201,49.16608112402329
952,1.1784889698028564,1.3123387098312378,3.4627216798826335,45.877552464902244
953,1.1442418098449707,1.2972131967544556,2.978252464272856,46.30780299226727
954,1.146874189376831,1.2484792470932007,3.1144486784537877,44.17714027477018
955,1.2366917133331299,1.5158953666687012,3.168622818803034,54.82954620928387
956,1.2288949489593506,1.4675240516662598,3.0655278608469647,56.359002292564654
957,1.2244890928268433,1.198152780532837,3.099241730048838,46.02177775741697
958,1.0488046407699585,1.5222114324569702,3.3203816634914376,54.50905306844023
959,1.132928729057312,1.3575857877731323,3.0445360564133708,49.358248334455205
960,1.0838565826416016,1.2998970746994019,3.367983719491755,46.54754311732071
961,1.2200173139572144,1.2827675342559814,3.1585543997254244,54.973417947380334
962,1.034877061843872,1.3760004043579102,2.46608171956452,53.06476122011774
963,1.2207934856414795,1.168161153793335,3.1825710418037407,49.65158053456499
964,1.206475853919983,1.1825116872787476,2.93933192118526,50.82584728520501
965,1.1237127780914307,1.369183897972107,3.3241770545692484,45.75207541580681
966,1.225637435913086,1.0350922346115112,2.5100297783054693,47.80109226227753
967,1.1975696086883545,1.340597152709961,3.539667676694479,49.66223504860621
968,1.2427613735198975,1.3045226335525513,3.0848827271655916,48.8759147718618
969,1.33432137966156,1.3043731451034546,3.825887212595734,50.08927112078637
970,1.1276018619537354,1.220499038696289,3.300668176633433,47.301659090833944
971,1.2938288450241089,1.144626498222351,2.5623043121521487,44.85406640875939
972,1.3212687969207764,1.3122848272323608,3.430740023860665,40.71516476265414
973,1.1146957874298096,1.1909582614898682,2.745760882028905,39.17341528156708
974,1.2076845169067383,1.2023910284042358,2.5477839205274675,47.44896961942139
975,1.204256534576416,1.373469352722168,3.095203956376355,46.54238826427466
976,1.176796555519104,1.4175817966461182,3.0951535307245077,52.15985404940692
977,1.2500593662261963,1.4216569662094116,3.6166461349021715,45.123202422217005
978,1.1461645364761353,1.1034029722213745,2.933790371463091,40.28396383903289
979,1.2093396186828613,1.5212652683258057,3.6969250991945604,49.41293429632566
980,1.1917091608047485,1.3513425588607788,3.3885731348871517,47.55530037374343
981,1.183423638343811,1.341355562210083,2.7345884916597947,49.38826256635518
982,1.4166545867919922,1.149641752243042,2.6313162431533126,48.70569558024545
983,1.310312032699585,1.3790717124938965,3.4684422586824617,49.00266195733788
984,1.1874797344207764,1.2180885076522827,2.6354555436961906,44.67951987228988
985,1.1902782917022705,1.2226300239562988,2.903915194945012,49.23103543415677
986,1.1887590885162354,1.1727190017700195,2.7538336344773517,47.38261539538621
987,1.119786262512207,1.3518015146255493,2.9676883034836883,49.229816450768986
988,1.2208958864212036,1.3203508853912354,3.3513727161475404,48.479594402454374
989,1.1602957248687744,1.1943408250808716,2.8834196821190625,49.75553666837103
990,1.2078378200531006,1.179027795791626,3.8158861793648637,46.97815924632748
991,1.2551155090332031,1.1137529611587524,3.1184575922850053,46.38730490710085
992,1.189103126525879,1.3872030973434448,3.091015274742998,37.99430001764754
993,1.1854839324951172,1.1083569526672363,3.0928425396634283,43.96993122276743
994,1.1508152484893799,1.2896595001220703,3.3078743271712487,51.93766974280504
995,1.2687256336212158,1.2097705602645874,3.0421700695705445,46.93577765039811
996,1.2125332355499268,1.248658537864685,3.264507024887769,47.739892157119634
997,1.256622552871704,1.169440507888794,2.469770941951458,46.2619225371662
998,1.1277207136154175,1.2823309898376465,2.5850321449726636,56.675614753416596
999,1.2639529705047607,1.5514675378799438,3.230185701993422,55.39720541326018
1000,1.2089232206344604,1.2850438356399536,3.211136612950057,51.73563896913418
